{"tags":[{"name":"cve","count":1526},{"name":"panel","count":747},{"name":"edb","count":575},{"name":"xss","count":533},{"name":"exposure","count":525},{"name":"lfi","count":518},{"name":"wordpress","count":460},{"name":"cve2021","count":365},{"name":"wp-plugin","count":355},{"name":"rce","count":343},{"name":"tech","count":319},{"name":"packetstorm","count":291},{"name":"cve2022","count":255},{"name":"wpscan","count":247},{"name":"token-spray","count":235},{"name":"cve2020","count":217},{"name":"misconfig","count":212},{"name":"","count":195},{"name":"unauth","count":188},{"name":"wp","count":177},{"name":"kev","count":167},{"name":"config","count":162},{"name":"cve2018","count":145},{"name":"cve2019","count":137},{"name":"joomla","count":135},{"name":"default-login","count":129},{"name":"oast","count":127},{"name":"apache","count":124},{"name":"iot","count":122},{"name":"authenticated","count":117},{"name":"sqli","count":111},{"name":"cve2010","count":111},{"name":"router","count":90},{"name":"files","count":89},{"name":"redirect","count":89},{"name":"login","count":88},{"name":"devops","count":75},{"name":"takeover","count":74},{"name":"network","count":73},{"name":"token","count":73},{"name":"ssrf","count":72},{"name":"cve2017","count":70},{"name":"cms","count":67},{"name":"auth-bypass","count":64},{"name":"file","count":63},{"name":"oracle","count":62},{"name":"intrusive","count":59},{"name":"install","count":57},{"name":"seclists","count":56},{"name":"disclosure","count":54},{"name":"cisco","count":49},{"name":"cve2016","count":49},{"name":"oss","count":49},{"name":"google","count":48},{"name":"cve2015","count":47},{"name":"fileupload","count":47},{"name":"adobe","count":45},{"name":"aem","count":42},{"name":"plugin","count":41},{"name":"cve2014","count":41},{"name":"vulhub","count":38},{"name":"vmware","count":38},{"name":"atlassian","count":38},{"name":"logs","count":37},{"name":"tenable","count":35},{"name":"traversal","count":35},{"name":"springboot","count":35},{"name":"injection","count":33},{"name":"hackerone","count":33},{"name":"jira","count":32},{"name":"listing","count":31},{"name":"huntr","count":29},{"name":"kubernetes","count":29},{"name":"generic","count":28},{"name":"dns","count":27},{"name":"debug","count":26},{"name":"log4j","count":26},{"name":"sap","count":25},{"name":"cnvd","count":25},{"name":"microsoft","count":24},{"name":"jndi","count":23},{"name":"proxy","count":23},{"name":"misc","count":23},{"name":"php","count":22},{"name":"aws","count":22},{"name":"manageengine","count":21},{"name":"fuzz","count":21},{"name":"wp-theme","count":21},{"name":"zoho","count":21},{"name":"weblogic","count":20},{"name":"cloud","count":20},{"name":"cve2012","count":20},{"name":"deserialization","count":19},{"name":"cicd","count":19},{"name":"ibm","count":19},{"name":"api","count":19},{"name":"k8s","count":19},{"name":"tomcat","count":19},{"name":"camera","count":19},{"name":"dlink","count":18},{"name":"gitlab","count":18},{"name":"service","count":18},{"name":"ftp","count":17},{"name":"jenkins","count":17},{"name":"wavlink","count":17},{"name":"firewall","count":17},{"name":"printer","count":16},{"name":"struts","count":16},{"name":"nginx","count":15},{"name":"cve2011","count":15},{"name":"cve2009","count":15},{"name":"xxe","count":15},{"name":"msf","count":14},{"name":"domainmod","count":14},{"name":"fortinet","count":14},{"name":"android","count":14},{"name":"hp","count":14},{"name":"java","count":14},{"name":"cve2013","count":13},{"name":"amazon","count":13},{"name":"lfr","count":13},{"name":"woocommerce","count":13},{"name":"confluence","count":13},{"name":"magento","count":13},{"name":"abstractapi","count":13},{"name":"status","count":13},{"name":"microweber","count":12},{"name":"ruijie","count":12},{"name":"netgear","count":12},{"name":"backup","count":12},{"name":"rails","count":12},{"name":"drupal","count":12},{"name":"cve2008","count":12},{"name":"netsweeper","count":12},{"name":"graphql","count":12},{"name":"cisa","count":11},{"name":"github","count":11},{"name":"airflow","count":11},{"name":"fortigate","count":11},{"name":"azure","count":11},{"name":"backdoor","count":11},{"name":"vpn","count":11},{"name":"ssl","count":11},{"name":"cnvd2021","count":11},{"name":"webserver","count":11},{"name":"dell","count":10},{"name":"laravel","count":10},{"name":"coldfusion","count":10},{"name":"spring","count":10},{"name":"git","count":10},{"name":"django","count":10},{"name":"glpi","count":10},{"name":"jolokia","count":10},{"name":"grafana","count":10},{"name":"ruby","count":10},{"name":"zyxel","count":10},{"name":"sonicwall","count":9},{"name":"iis","count":9},{"name":"fastjson","count":9},{"name":"zimbra","count":9},{"name":"kube","count":9},{"name":"windows","count":9},{"name":"zabbix","count":9},{"name":"phpmyadmin","count":9},{"name":"ssti","count":9},{"name":"dedecms","count":9},{"name":"prometheus","count":9},{"name":"vcenter","count":9},{"name":"wso2","count":9},{"name":"citrix","count":8},{"name":"scada","count":8},{"name":"elasticsearch","count":8},{"name":"kafka","count":8},{"name":"metadata","count":8},{"name":"solr","count":8},{"name":"jboss","count":8},{"name":"cisco-switch","count":8},{"name":"recon","count":8},{"name":"mirai","count":8},{"name":"auth","count":8},{"name":"headless","count":8},{"name":"mail","count":8},{"name":"hms","count":8},{"name":"audit","count":8},{"name":"config-audit","count":8},{"name":"seeyon","count":7},{"name":"npm","count":7},{"name":"ssh","count":7},{"name":"squirrelmail","count":7},{"name":"maps","count":7},{"name":"nodejs","count":7},{"name":"druid","count":7},{"name":"bucket","count":7},{"name":"solarview","count":7},{"name":"opencats","count":7},{"name":"samsung","count":7},{"name":"blind","count":7},{"name":"jetbrains","count":7},{"name":"icewarp","count":7},{"name":"python","count":7},{"name":"cnvd2020","count":7},{"name":"symfony","count":7},{"name":"firebase","count":7},{"name":"docker","count":7},{"name":"go","count":7},{"name":"exchange","count":7},{"name":"websphere","count":6},{"name":"liferay","count":6},{"name":"emerge","count":6},{"name":"db","count":6},{"name":"ofbiz","count":6},{"name":"jetty","count":6},{"name":"magmi","count":6},{"name":"ognl","count":6},{"name":"crlf","count":6},{"name":"zhiyuan","count":6},{"name":"microstrategy","count":6},{"name":"ecology","count":6},{"name":"setup","count":6},{"name":"sitecore","count":6},{"name":"jamf","count":6},{"name":"slack","count":6},{"name":"lucee","count":6},{"name":"moodle","count":6},{"name":"enum","count":6},{"name":"openvpn","count":6},{"name":"huawei","count":6},{"name":"artica","count":6},{"name":"fpd","count":6},{"name":"opensis","count":6},{"name":"vms","count":6},{"name":"rconfig","count":6},{"name":"bypass","count":6},{"name":"bigip","count":6},{"name":"cobbler","count":6},{"name":"activemq","count":6},{"name":"kubelet","count":6},{"name":"rfi","count":5},{"name":"cockpit","count":5},{"name":"elastic","count":5},{"name":"fortios","count":5},{"name":"prestashop","count":5},{"name":"metinfo","count":5},{"name":"gocd","count":5},{"name":"symantec","count":5},{"name":"scan","count":5},{"name":"nagios","count":5},{"name":"redis","count":5},{"name":"awstats","count":5},{"name":"filemanager","count":5},{"name":"apisix","count":5},{"name":"smtp","count":5},{"name":"firmware","count":5},{"name":"strapi","count":5},{"name":"74cms","count":5},{"name":"rseenet","count":5},{"name":"plesk","count":5},{"name":"circarlife","count":5},{"name":"database","count":5},{"name":"alibaba","count":5},{"name":"elfinder","count":5},{"name":"carrental","count":5},{"name":"minio","count":5},{"name":"avideo","count":5},{"name":"thinkphp","count":5},{"name":"leak","count":5},{"name":"cache","count":5},{"name":"solarwinds","count":5},{"name":"error","count":5},{"name":"gogs","count":5},{"name":"fatpipe","count":5},{"name":"parallels","count":5},{"name":"storage","count":5},{"name":"keycloak","count":5},{"name":"node","count":5},{"name":"admin","count":5},{"name":"cve2007","count":4},{"name":"panos","count":4},{"name":"hybris","count":4},{"name":"umbraco","count":4},{"name":"hashicorp","count":4},{"name":"prtg","count":4},{"name":"asp","count":4},{"name":"vbulletin","count":4},{"name":"axigen","count":4},{"name":"phpinfo","count":4},{"name":"caucho","count":4},{"name":"search","count":4},{"name":"openemr","count":4},{"name":"telerik","count":4},{"name":"puppet","count":4},{"name":"beyondtrust","count":4},{"name":"hoteldruid","count":4},{"name":"gnuboard","count":4},{"name":"kibana","count":4},{"name":"candidats","count":4},{"name":"resin","count":4},{"name":"horde","count":4},{"name":"thinkcmf","count":4},{"name":"stripe","count":4},{"name":"adminer","count":4},{"name":"sql","count":4},{"name":"hongdian","count":4},{"name":"sendgrid","count":4},{"name":"photo","count":4},{"name":"cacti","count":4},{"name":"mongodb","count":4},{"name":"tenda","count":4},{"name":"bmc","count":4},{"name":"ems","count":4},{"name":"flink","count":4},{"name":"paypal","count":4},{"name":"s3","count":4},{"name":"kevinlab","count":4},{"name":"tikiwiki","count":4},{"name":"artifactory","count":4},{"name":"oauth","count":4},{"name":"vrealize","count":4},{"name":"couchdb","count":4},{"name":"console","count":4},{"name":"ampache","count":4},{"name":"roxy","count":4},{"name":"terramaster","count":4},{"name":"gitea","count":4},{"name":"sonarqube","count":4},{"name":"linkerd","count":4},{"name":"nosqli","count":4},{"name":"kentico","count":4},{"name":"redmine","count":4},{"name":"jellyfin","count":4},{"name":"mailchimp","count":4},{"name":"sophos","count":4},{"name":"royalevent","count":4},{"name":"telesquare","count":4},{"name":"wcs","count":4},{"name":"postmessage","count":4},{"name":"cnvd2019","count":4},{"name":"hpe","count":4},{"name":"aspose","count":4},{"name":"sangfor","count":4},{"name":"zte","count":4},{"name":"hikvision","count":4},{"name":"oa","count":4},{"name":"phppgadmin","count":4},{"name":"voip","count":4},{"name":"springcloud","count":4},{"name":"xmlrpc","count":4},{"name":"yeswiki","count":4},{"name":"nexus","count":4},{"name":"weiphp","count":3},{"name":"consul","count":3},{"name":"nortek","count":3},{"name":"processwire","count":3},{"name":"ec2","count":3},{"name":"dzzoffice","count":3},{"name":"dreambox","count":3},{"name":"nuuo","count":3},{"name":"lansweeper","count":3},{"name":"3cx","count":3},{"name":"ansible","count":3},{"name":"messaging","count":3},{"name":"actuator","count":3},{"name":"samba","count":3},{"name":"blockchain","count":3},{"name":"openam","count":3},{"name":"mongo","count":3},{"name":"geowebserver","count":3},{"name":"pip","count":3},{"name":"dotcms","count":3},{"name":"fuelcms","count":3},{"name":"r-seenet","count":3},{"name":"rocketchat","count":3},{"name":"geoserver","count":3},{"name":"tableau","count":3},{"name":"grav","count":3},{"name":"goanywhere","count":3},{"name":"pentaho","count":3},{"name":"unifi","count":3},{"name":"redash","count":3},{"name":"avtech","count":3},{"name":"glassfish","count":3},{"name":"kingsoft","count":3},{"name":"ebs","count":3},{"name":"express","count":3},{"name":"intercom","count":3},{"name":"lotus","count":3},{"name":"graylog","count":3},{"name":"pfsense","count":3},{"name":"webmin","count":3},{"name":"drawio","count":3},{"name":"servicenow","count":3},{"name":"octobercms","count":3},{"name":"typo3","count":3},{"name":"mautic","count":3},{"name":"square","count":3},{"name":"axis","count":3},{"name":"openbmcs","count":3},{"name":"bigant","count":3},{"name":"bitrix","count":3},{"name":"facebook","count":3},{"name":"kfm","count":3},{"name":"httpserver","count":3},{"name":"smb","count":3},{"name":"empirecms","count":3},{"name":"bitbucket","count":3},{"name":"panabit","count":3},{"name":"aptus","count":3},{"name":"fileman","count":3},{"name":"technology","count":3},{"name":"metabase","count":3},{"name":"trendnet","count":3},{"name":"thinfinity","count":3},{"name":"linksys","count":3},{"name":"mobileiron","count":3},{"name":"finecms","count":3},{"name":"labkey","count":3},{"name":"digitalrebar","count":3},{"name":"elementor","count":3},{"name":"wordfence","count":3},{"name":"microfocus","count":3},{"name":"buffalo","count":3},{"name":"ivanti","count":3},{"name":"bruteforce","count":3},{"name":"httpbin","count":3},{"name":"sharepoint","count":3},{"name":"webmail","count":3},{"name":"odoo","count":3},{"name":"openfire","count":3},{"name":"ampps","count":3},{"name":"ruckus","count":3},{"name":"key","count":3},{"name":"jupyter","count":3},{"name":"cve2005","count":3},{"name":"log","count":3},{"name":"detect","count":3},{"name":"heroku","count":3},{"name":"splunk","count":3},{"name":"mantisbt","count":3},{"name":"concrete","count":3},{"name":"netdata","count":3},{"name":"axis2","count":3},{"name":"codeigniter","count":3},{"name":"jfrog","count":3},{"name":"rlm","count":3},{"name":"synology","count":3},{"name":"digitalocean","count":3},{"name":"dolibarr","count":3},{"name":"sentry","count":3},{"name":"proftpd","count":3},{"name":"rabbitmq","count":3},{"name":"yonyou","count":3},{"name":"circleci","count":3},{"name":"kkfileview","count":3},{"name":"trixbox","count":3},{"name":"globalprotect","count":3},{"name":"modem","count":3},{"name":"mcafee","count":3},{"name":"zend","count":3},{"name":"selea","count":3},{"name":"epson","count":3},{"name":"httpd","count":3},{"name":"getsimple","count":3},{"name":"netlify","count":3},{"name":"seagate","count":3},{"name":"graph","count":3},{"name":"thruk","count":3},{"name":"cloudflare","count":3},{"name":"targa","count":3},{"name":"dom","count":3},{"name":"hsphere","count":3},{"name":"harbor","count":3},{"name":"nacos","count":3},{"name":"voipmonitor","count":3},{"name":"subrion","count":3},{"name":"jeesns","count":3},{"name":"matrix","count":3},{"name":"centos","count":3},{"name":"teamcity","count":3},{"name":"movable","count":3},{"name":"zeroshell","count":3},{"name":"qnap","count":3},{"name":"sugarcrm","count":3},{"name":"fanruan","count":3},{"name":"rackn","count":3},{"name":"webadmin","count":3},{"name":"steve","count":3},{"name":"wapples","count":2},{"name":"yapi","count":2},{"name":"blesta","count":2},{"name":"flightpath","count":2},{"name":"jitsi","count":2},{"name":"nordex","count":2},{"name":"tongda","count":2},{"name":"aruba","count":2},{"name":"linux","count":2},{"name":"flatpress","count":2},{"name":"spark","count":2},{"name":"projectsend","count":2},{"name":"xceedium","count":2},{"name":"contao","count":2},{"name":"werkzeug","count":2},{"name":"angular","count":2},{"name":"tapestry","count":2},{"name":"xampp","count":2},{"name":"pmb","count":2},{"name":"synopsys","count":2},{"name":"checkpoint","count":2},{"name":"natshell","count":2},{"name":"gateway","count":2},{"name":"chiyu","count":2},{"name":"erxes","count":2},{"name":"impresscms","count":2},{"name":"xnat","count":2},{"name":"atmail","count":2},{"name":"viewpoint","count":2},{"name":"ispy","count":2},{"name":"oidc","count":2},{"name":"ubnt","count":2},{"name":"orchid","count":2},{"name":"webcam","count":2},{"name":"embed","count":2},{"name":"domxss","count":2},{"name":"novnc","count":2},{"name":"emqx","count":2},{"name":"watchguard","count":2},{"name":"vscode","count":2},{"name":"phpstorm","count":2},{"name":"iptime","count":2},{"name":"favicon","count":2},{"name":"hostheader-injection","count":2},{"name":"avada","count":2},{"name":"lighttpd","count":2},{"name":"resourcespace","count":2},{"name":"xerox","count":2},{"name":"pulse","count":2},{"name":"virtua","count":2},{"name":"ilo","count":2},{"name":"metersphere","count":2},{"name":"neos","count":2},{"name":"cassandra","count":2},{"name":"workspaceone","count":2},{"name":"hospital","count":2},{"name":"sass","count":2},{"name":"bash","count":2},{"name":"places","count":2},{"name":"secret","count":2},{"name":"rosariosis","count":2},{"name":"cloudinary","count":2},{"name":"bitly","count":2},{"name":"tileserver","count":2},{"name":"netis","count":2},{"name":"code42","count":2},{"name":"openssh","count":2},{"name":"ovirt","count":2},{"name":"qcubed","count":2},{"name":"payara","count":2},{"name":"pam","count":2},{"name":"homematic","count":2},{"name":"loqate","count":2},{"name":"globaldomains","count":2},{"name":"aqua","count":2},{"name":"draytek","count":2},{"name":"wwbn","count":2},{"name":"forcepoint","count":2},{"name":"discourse","count":2},{"name":"qihang","count":2},{"name":"ambari","count":2},{"name":"eshop","count":2},{"name":"unisharp","count":2},{"name":"akkadian","count":2},{"name":"owasp","count":2},{"name":"portal","count":2},{"name":"gespage","count":2},{"name":"chyrp","count":2},{"name":"azkaban","count":2},{"name":"cas","count":2},{"name":"gcp","count":2},{"name":"j2ee","count":2},{"name":"backups","count":2},{"name":"jeedom","count":2},{"name":"sas","count":2},{"name":"dos","count":2},{"name":"casdoor","count":2},{"name":"gitbook","count":2},{"name":"zzcms","count":2},{"name":"eris","count":2},{"name":"books","count":2},{"name":"showdoc","count":2},{"name":"pcoip","count":2},{"name":"gitblit","count":2},{"name":"tidb","count":2},{"name":"hasura","count":2},{"name":"netsus","count":2},{"name":"puppetdb","count":2},{"name":"opsview","count":2},{"name":"matomo","count":2},{"name":"osticket","count":2},{"name":"mybb","count":2},{"name":"exacqvision","count":2},{"name":"airtame","count":2},{"name":"openwrt","count":2},{"name":"intellian","count":2},{"name":"omnia","count":2},{"name":"sqlite","count":2},{"name":"xml","count":2},{"name":"sdwan","count":2},{"name":"xoops","count":2},{"name":"xweb500","count":2},{"name":"conductor","count":2},{"name":"nextcloud","count":2},{"name":"zerof","count":2},{"name":"idrac","count":2},{"name":"dlp","count":2},{"name":"couchbase","count":2},{"name":"javascript","count":2},{"name":"allied","count":2},{"name":"akamai","count":2},{"name":"ixcache","count":2},{"name":"h3c","count":2},{"name":"vigorconnect","count":2},{"name":"gryphon","count":2},{"name":"corebos","count":2},{"name":"swagger","count":2},{"name":"dashboard","count":2},{"name":"glances","count":2},{"name":"bomgar","count":2},{"name":"twitter","count":2},{"name":"pacsone","count":2},{"name":"text","count":2},{"name":"gitlist","count":2},{"name":"traefik","count":2},{"name":"myfactory","count":2},{"name":"flir","count":2},{"name":"veeam","count":2},{"name":"zywall","count":2},{"name":"eprints","count":2},{"name":"nasos","count":2},{"name":"scriptcase","count":2},{"name":"dubbo","count":2},{"name":"temenos","count":2},{"name":"wooyun","count":2},{"name":"shenyu","count":2},{"name":"electron","count":2},{"name":"forum","count":2},{"name":"aviatrix","count":2},{"name":"tplink","count":2},{"name":"mikrotik","count":2},{"name":"middleware","count":2},{"name":"guacamole","count":2},{"name":"fortimail","count":2},{"name":"shellshock","count":2},{"name":"seowon","count":2},{"name":"lantronix","count":2},{"name":"csrf","count":2},{"name":"vidyo","count":2},{"name":"uwsgi","count":2},{"name":"eyesofnetwork","count":2},{"name":"phpshowtime","count":2},{"name":"dokuwiki","count":2},{"name":"redhat","count":2},{"name":"kettle","count":2},{"name":"idea","count":2},{"name":"motorola","count":2},{"name":"mailgun","count":2},{"name":"servicedesk","count":2},{"name":"hiveos","count":2},{"name":"frontpage","count":2},{"name":"reolink","count":2},{"name":"webpagetest","count":2},{"name":"ad","count":2},{"name":"kong","count":2},{"name":"circontrol","count":2},{"name":"password","count":2},{"name":"rackstation","count":2},{"name":"openresty","count":2},{"name":"phpcollab","count":2},{"name":"ecoa","count":2},{"name":"xsuite","count":2},{"name":"clusterengine","count":2},{"name":"zms","count":2},{"name":"testrail","count":2},{"name":"dotnetnuke","count":2},{"name":"versa","count":2},{"name":"teampass","count":2},{"name":"octoprint","count":2},{"name":"accela","count":2},{"name":"syslog","count":2},{"name":"froxlor","count":2},{"name":"zblogphp","count":2},{"name":"skycaiji","count":2},{"name":"saltstack","count":2},{"name":"avantfax","count":2},{"name":"gophish","count":2},{"name":"piwigo","count":2},{"name":"plastic","count":2},{"name":"seacms","count":2},{"name":"pgadmin","count":2},{"name":"waf","count":2},{"name":"maian","count":2},{"name":"livezilla","count":2},{"name":"rockmongo","count":2},{"name":"horizon","count":2},{"name":"loytec","count":2},{"name":"wuzhicms","count":2},{"name":"aerohive","count":2},{"name":"rancher","count":2},{"name":"smartstore","count":2},{"name":"zzzcms","count":2},{"name":"pascom","count":2},{"name":"javamelody","count":2},{"name":"jmx","count":2},{"name":"commax","count":2},{"name":"dotnet","count":2},{"name":"openstack","count":2},{"name":"totemomail","count":2},{"name":"fortiweb","count":2},{"name":"pega","count":2},{"name":"clansphere","count":2},{"name":"yii","count":2},{"name":"sourcecodester","count":2},{"name":"mbean","count":2},{"name":"avaya","count":2},{"name":"ucmdb","count":2},{"name":"idor","count":2},{"name":"itop","count":2},{"name":"dvwa","count":2},{"name":"ebook","count":2},{"name":"atom","count":2},{"name":"dynamicweb","count":2},{"name":"hjtcloud","count":2},{"name":"ranger","count":2},{"name":"gradle","count":2},{"name":"kiwitcms","count":2},{"name":"influxdb","count":2},{"name":"sniplets","count":2},{"name":"otobo","count":2},{"name":"netflix","count":2},{"name":"appcms","count":2},{"name":"alfresco","count":2},{"name":"apollo","count":2},{"name":"eko","count":2},{"name":"rstudio","count":2},{"name":"cyberoam","count":2},{"name":"terraform","count":2},{"name":"hadoop","count":2},{"name":"xxljob","count":2},{"name":"apple","count":2},{"name":"wamp","count":2},{"name":"clamav","count":2},{"name":"arcgis","count":2},{"name":"node-red-dashboard","count":2},{"name":"hubspot","count":2},{"name":"dvr","count":2},{"name":"ghost","count":2},{"name":"highmail","count":2},{"name":"acrolinx","count":2},{"name":"codemeter","count":2},{"name":"jquery","count":2},{"name":"chamilo","count":2},{"name":"sequoiadb","count":2},{"name":"webalizer","count":2},{"name":"xenmobile","count":2},{"name":"livehelperchat","count":2},{"name":"pbootcms","count":2},{"name":"netscaler","count":2},{"name":"cargo","count":2},{"name":"ametys","count":2},{"name":"bigbluebutton","count":2},{"name":"carel","count":2},{"name":"eventum","count":2},{"name":"kafdrop","count":2},{"name":"listserv","count":2},{"name":"linkedin","count":2},{"name":"nextjs","count":2},{"name":"seeddms","count":2},{"name":"jsf","count":2},{"name":"graphite","count":2},{"name":"wildfly","count":2},{"name":"superset","count":2},{"name":"audiocodes","count":2},{"name":"kkFileView","count":2},{"name":"apereo","count":2},{"name":"wpqa","count":2},{"name":"landesk","count":2},{"name":"rundeck","count":2},{"name":"espeasy","count":2},{"name":"newrelic","count":2},{"name":"xiaomi","count":2},{"name":"frp","count":2},{"name":"f5","count":2},{"name":"cocoon","count":2},{"name":"cgi","count":2},{"name":"adiscon","count":2},{"name":"mysql","count":2},{"name":"igs","count":2},{"name":"supermicro","count":2},{"name":"telnet","count":2},{"name":"weather","count":2},{"name":"owncloud","count":2},{"name":"alienvault","count":2},{"name":"konga","count":2},{"name":"sidekiq","count":2},{"name":"craftcms","count":2},{"name":"emby","count":2},{"name":"cve2006","count":2},{"name":"dataiku","count":2},{"name":"virtualui","count":2},{"name":"sysaid","count":2},{"name":"mida","count":2},{"name":"auerswald","count":2},{"name":"default-page","count":2},{"name":"kavita","count":2},{"name":"overflow","count":2},{"name":"fastcgi","count":2},{"name":"fiori","count":2},{"name":"ericsson","count":2},{"name":"docs","count":2},{"name":"serpstack","count":1},{"name":"activeadmin","count":1},{"name":"solarlog","count":1},{"name":"biqsdrive","count":1},{"name":"covalent","count":1},{"name":"shopizer","count":1},{"name":"locust","count":1},{"name":"rsvpmaker","count":1},{"name":"getgrav","count":1},{"name":"exponentcms","count":1},{"name":"javafaces","count":1},{"name":"launchdarkly","count":1},{"name":"slocum","count":1},{"name":"honeywell","count":1},{"name":"tamronos","count":1},{"name":"chuangtian","count":1},{"name":"management","count":1},{"name":"addpac","count":1},{"name":"activecollab","count":1},{"name":"orbiteam","count":1},{"name":"badgeos","count":1},{"name":"wp-gdpr-compliance","count":1},{"name":"scimono","count":1},{"name":"xyxel","count":1},{"name":"filetransfer","count":1},{"name":"webasyst","count":1},{"name":"smuggling","count":1},{"name":"upload","count":1},{"name":"headers","count":1},{"name":"bing","count":1},{"name":"shoretel","count":1},{"name":"nimble","count":1},{"name":"identityguard","count":1},{"name":"dicoogle","count":1},{"name":"pushgateway","count":1},{"name":"yachtcontrol","count":1},{"name":"petfinder","count":1},{"name":"opencast","count":1},{"name":"liberty","count":1},{"name":"cvnd2018","count":1},{"name":"aura","count":1},{"name":"microcomputers","count":1},{"name":"3dprint","count":1},{"name":"klog","count":1},{"name":"supervisor","count":1},{"name":"scs","count":1},{"name":"vivotex","count":1},{"name":"ubiquiti","count":1},{"name":"timezone","count":1},{"name":"cerebro","count":1},{"name":"sftp","count":1},{"name":"bonita","count":1},{"name":"acemanager","count":1},{"name":"spinnaker","count":1},{"name":"emc","count":1},{"name":"pippoint","count":1},{"name":"edgeos","count":1},{"name":"maxsite","count":1},{"name":"locations","count":1},{"name":"somansa","count":1},{"name":"tor","count":1},{"name":"oscommerce","count":1},{"name":"karma","count":1},{"name":"idemia","count":1},{"name":"iucn","count":1},{"name":"xdcms","count":1},{"name":"moin","count":1},{"name":"librenms","count":1},{"name":"opencti","count":1},{"name":"csrfguard","count":1},{"name":"vnc","count":1},{"name":"purestorage","count":1},{"name":"webmodule-ee","count":1},{"name":"formcraft3","count":1},{"name":"iterable","count":1},{"name":"lg-nas","count":1},{"name":"filr","count":1},{"name":"gargoyle","count":1},{"name":"gopher","count":1},{"name":"vanguard","count":1},{"name":"fortilogger","count":1},{"name":"phpsocialnetwork","count":1},{"name":"myanimelist","count":1},{"name":"logger1000","count":1},{"name":"room-alert","count":1},{"name":"cscart","count":1},{"name":"solman","count":1},{"name":"front","count":1},{"name":"oliver","count":1},{"name":"atg","count":1},{"name":"domos","count":1},{"name":"weboftrust","count":1},{"name":"tensorboard","count":1},{"name":"darkstat","count":1},{"name":"geniusocean","count":1},{"name":"webshell","count":1},{"name":"tpshop","count":1},{"name":"tls","count":1},{"name":"fastvue","count":1},{"name":"patheon","count":1},{"name":"web3","count":1},{"name":"fuji","count":1},{"name":"sceditor","count":1},{"name":"amp","count":1},{"name":"cvent","count":1},{"name":"fatwire","count":1},{"name":"phpbb","count":1},{"name":"jumpcloud","count":1},{"name":"jobsearch","count":1},{"name":"contentful","count":1},{"name":"messenger","count":1},{"name":"opencart","count":1},{"name":"wordpress-country-selector","count":1},{"name":"pfblockerng","count":1},{"name":"webp","count":1},{"name":"plone","count":1},{"name":"lutron","count":1},{"name":"smartping","count":1},{"name":"readme","count":1},{"name":"shirnecms","count":1},{"name":"hue","count":1},{"name":"contentkeeper","count":1},{"name":"olivetti","count":1},{"name":"svn","count":1},{"name":"rackup","count":1},{"name":"ait-csv","count":1},{"name":"nconf","count":1},{"name":"xvr","count":1},{"name":"scrapestack","count":1},{"name":"nc2","count":1},{"name":"cmsimple","count":1},{"name":"mx","count":1},{"name":"mi","count":1},{"name":"opsgenie","count":1},{"name":"trane","count":1},{"name":"jaspersoft","count":1},{"name":"imagements","count":1},{"name":"zenario","count":1},{"name":"nozomi","count":1},{"name":"shadoweb","count":1},{"name":"multisafepay","count":1},{"name":"hanming","count":1},{"name":"fox","count":1},{"name":"scraperbox","count":1},{"name":"details","count":1},{"name":"fleet","count":1},{"name":"phpwind","count":1},{"name":"tinymce","count":1},{"name":"workreap","count":1},{"name":"amt","count":1},{"name":"blueiris","count":1},{"name":"drive","count":1},{"name":"sungrow","count":1},{"name":"short.io","count":1},{"name":"misconfiguration","count":1},{"name":"satellian","count":1},{"name":"keenetic","count":1},{"name":"file-upload","count":1},{"name":"svnserve","count":1},{"name":"synnefo","count":1},{"name":"ocomon","count":1},{"name":"xlight","count":1},{"name":"richfaces","count":1},{"name":"e2pdf","count":1},{"name":"panwei","count":1},{"name":"caseaware","count":1},{"name":"sarg","count":1},{"name":"opensns","count":1},{"name":"stackstorm","count":1},{"name":"mdb","count":1},{"name":"jvm","count":1},{"name":"rconfig.exposure","count":1},{"name":"teradici","count":1},{"name":"tuxedo","count":1},{"name":"sympa","count":1},{"name":"ntop","count":1},{"name":"webnms","count":1},{"name":"plc","count":1},{"name":"opensso","count":1},{"name":"connect-central","count":1},{"name":"lenovo","count":1},{"name":"nagvis","count":1},{"name":"instagram","count":1},{"name":"pendo","count":1},{"name":"craftmypdf","count":1},{"name":"groupoffice","count":1},{"name":"piano","count":1},{"name":"uservoice","count":1},{"name":"chaos","count":1},{"name":"upnp","count":1},{"name":"qvisdvr","count":1},{"name":"looker","count":1},{"name":"vertex","count":1},{"name":"ldap","count":1},{"name":"crm","count":1},{"name":"niagara","count":1},{"name":"narnoo-distributor","count":1},{"name":"xenforo","count":1},{"name":"comodo","count":1},{"name":"speed","count":1},{"name":"tracer","count":1},{"name":"ojs","count":1},{"name":"manager","count":1},{"name":"jsmol2wp","count":1},{"name":"siemens","count":1},{"name":"wampserver","count":1},{"name":"playsms","count":1},{"name":"virustotal","count":1},{"name":"notebook","count":1},{"name":"google-earth","count":1},{"name":"fancyproduct","count":1},{"name":"droneci","count":1},{"name":"spiderfoot","count":1},{"name":"mediacloud","count":1},{"name":"ipstack","count":1},{"name":"announcekit","count":1},{"name":"pollbot","count":1},{"name":"pghero","count":1},{"name":"cucm","count":1},{"name":"iceflow","count":1},{"name":"projectdiscovery","count":1},{"name":"eventtickets","count":1},{"name":"ymhome","count":1},{"name":"ticketmaster","count":1},{"name":"roundcube","count":1},{"name":"adminset","count":1},{"name":"drill","count":1},{"name":"logitech","count":1},{"name":"bacnet","count":1},{"name":"haproxy","count":1},{"name":"themefusion","count":1},{"name":"realteo","count":1},{"name":"customize-login-image","count":1},{"name":"monday","count":1},{"name":"fudforum","count":1},{"name":"wordnik","count":1},{"name":"satellite","count":1},{"name":"shortpixel","count":1},{"name":"adWidget","count":1},{"name":"buildkite","count":1},{"name":"yarn","count":1},{"name":"luci","count":1},{"name":"webui","count":1},{"name":"loancms","count":1},{"name":"arl","count":1},{"name":"x-ray","count":1},{"name":"emerson","count":1},{"name":"syncthru","count":1},{"name":"containers","count":1},{"name":"default","count":1},{"name":"concrete5","count":1},{"name":"struts2","count":1},{"name":"flickr","count":1},{"name":"biostar2","count":1},{"name":"gateone","count":1},{"name":"jreport","count":1},{"name":"directadmin","count":1},{"name":"cql","count":1},{"name":"rdp","count":1},{"name":"eibiz","count":1},{"name":"guard","count":1},{"name":"robomongo","count":1},{"name":"markdown","count":1},{"name":"smf","count":1},{"name":"h3c-imc","count":1},{"name":"all-in-one-video-gallery","count":1},{"name":"iserver","count":1},{"name":"v2924","count":1},{"name":"interactsh","count":1},{"name":"cpanel","count":1},{"name":"ecom","count":1},{"name":"b2bbuilder","count":1},{"name":"rss","count":1},{"name":"phpfusion","count":1},{"name":"segment","count":1},{"name":"workspace","count":1},{"name":"pubsec","count":1},{"name":"cofense","count":1},{"name":"acsoft","count":1},{"name":"objectinjection","count":1},{"name":"tianqing","count":1},{"name":"tembosocial","count":1},{"name":"mirasys","count":1},{"name":"wing-ftp","count":1},{"name":"all-in-one-wp-migration","count":1},{"name":"onlinefarm","count":1},{"name":"pagespeed","count":1},{"name":"coinapi","count":1},{"name":"directorist","count":1},{"name":"sar2html","count":1},{"name":"meshcentral","count":1},{"name":"doh","count":1},{"name":"sauter","count":1},{"name":"webshell4","count":1},{"name":"stats","count":1},{"name":"shoppable","count":1},{"name":"harmony","count":1},{"name":"flowdash","count":1},{"name":"nutanix","count":1},{"name":"imap","count":1},{"name":"zmanda","count":1},{"name":"pane","count":1},{"name":"fullhunt","count":1},{"name":"bible","count":1},{"name":"dplus","count":1},{"name":"superwebmailer","count":1},{"name":"nj2000","count":1},{"name":"mdm","count":1},{"name":"ptr","count":1},{"name":"hivequeue","count":1},{"name":"zarafa","count":1},{"name":"hrsale","count":1},{"name":"blogengine","count":1},{"name":"wago","count":1},{"name":"osquery","count":1},{"name":"sprintful","count":1},{"name":"scanii","count":1},{"name":"hypertest","count":1},{"name":"istat","count":1},{"name":"gorest","count":1},{"name":"raspberrymatic","count":1},{"name":"tekon","count":1},{"name":"pieregister","count":1},{"name":"xds","count":1},{"name":"bagisto","count":1},{"name":"hfs","count":1},{"name":"arprice-responsive-pricing-table","count":1},{"name":"synapse","count":1},{"name":"tectuus","count":1},{"name":"php-fusion","count":1},{"name":"nimsoft","count":1},{"name":"codeception","count":1},{"name":"passwordmanager","count":1},{"name":"securenvoy","count":1},{"name":"patreon","count":1},{"name":"dbt","count":1},{"name":"idera","count":1},{"name":"audiocode","count":1},{"name":"selenium","count":1},{"name":"panasonic","count":1},{"name":"coinmarketcap","count":1},{"name":"webex","count":1},{"name":"redwood","count":1},{"name":"pulsesecure","count":1},{"name":"stytch","count":1},{"name":"edms","count":1},{"name":"googlemaps","count":1},{"name":"bravenewcoin","count":1},{"name":"apiman","count":1},{"name":"iconfinder","count":1},{"name":"ncomputing","count":1},{"name":"parse","count":1},{"name":"wifisky","count":1},{"name":"intel","count":1},{"name":"muhttpd","count":1},{"name":"ninja","count":1},{"name":"likebtn-like-button","count":1},{"name":"cve1028","count":1},{"name":"discord","count":1},{"name":"acunetix","count":1},{"name":"kerio","count":1},{"name":"monitoring","count":1},{"name":"openweather","count":1},{"name":"duomicms","count":1},{"name":"noptin","count":1},{"name":"oam","count":1},{"name":"fortiproxy","count":1},{"name":"cloudrun","count":1},{"name":"diris","count":1},{"name":"garagemanagementsystem","count":1},{"name":"socomec","count":1},{"name":"flexbe","count":1},{"name":"phpunit","count":1},{"name":"bamboo","count":1},{"name":"rujjie","count":1},{"name":"jenkin","count":1},{"name":"webroot","count":1},{"name":"argocd","count":1},{"name":"envoy","count":1},{"name":"soar","count":1},{"name":"geutebruck","count":1},{"name":"wondercms","count":1},{"name":"limesurvey","count":1},{"name":"pagekit","count":1},{"name":"cliniccases","count":1},{"name":"wp-cli","count":1},{"name":"eyou","count":1},{"name":"scrapingdog","count":1},{"name":"magicflow","count":1},{"name":"avatier","count":1},{"name":"alertmanager","count":1},{"name":"particle","count":1},{"name":"jobs","count":1},{"name":"cvms","count":1},{"name":"soplanning","count":1},{"name":"openpagerank","count":1},{"name":"apigee","count":1},{"name":"footprints","count":1},{"name":"memcached","count":1},{"name":"cnvd2022","count":1},{"name":"ntopng","count":1},{"name":"bolt","count":1},{"name":"wpify","count":1},{"name":"mrtg","count":1},{"name":"ebird","count":1},{"name":"opensearch","count":1},{"name":"intelbras","count":1},{"name":"nport","count":1},{"name":"pandorafms","count":1},{"name":"gerapy","count":1},{"name":"openx","count":1},{"name":"yishaadmin","count":1},{"name":"alltube","count":1},{"name":"dnn","count":1},{"name":"argussurveillance","count":1},{"name":"extractor","count":1},{"name":"aryanic","count":1},{"name":"wmt","count":1},{"name":"agegate","count":1},{"name":"micro-user-service","count":1},{"name":"sterling","count":1},{"name":"cnvd2017","count":1},{"name":"jhipster","count":1},{"name":"checkmarx","count":1},{"name":"junos","count":1},{"name":"prismaweb","count":1},{"name":"taiga","count":1},{"name":"flask","count":1},{"name":"spectracom","count":1},{"name":"videoxpert","count":1},{"name":"siteminder","count":1},{"name":"spotify","count":1},{"name":"couchcms","count":1},{"name":"wix","count":1},{"name":"lychee","count":1},{"name":"ipdiva","count":1},{"name":"emlog","count":1},{"name":"cve2002","count":1},{"name":"adoptapet","count":1},{"name":"powercreator","count":1},{"name":"netgenie","count":1},{"name":"sony","count":1},{"name":"proxycrawl","count":1},{"name":"triconsole","count":1},{"name":"xmpp","count":1},{"name":"wavemaker","count":1},{"name":"joget","count":1},{"name":"expn","count":1},{"name":"sucuri","count":1},{"name":"buttercms","count":1},{"name":"erp-nc","count":1},{"name":"blitapp","count":1},{"name":"gsoap","count":1},{"name":"connect","count":1},{"name":"ipvpn","count":1},{"name":"strider","count":1},{"name":"curcy","count":1},{"name":"primefaces","count":1},{"name":"connectwise","count":1},{"name":"optimizely","count":1},{"name":"postmark","count":1},{"name":"neo4j","count":1},{"name":"tcexam","count":1},{"name":"mastodon","count":1},{"name":"extremenetworks","count":1},{"name":"rmc","count":1},{"name":"coverity","count":1},{"name":"accent","count":1},{"name":"cobub","count":1},{"name":"kenesto","count":1},{"name":"remedy","count":1},{"name":"newsletter","count":1},{"name":"pelco","count":1},{"name":"musicstore","count":1},{"name":"binom","count":1},{"name":"improvmx","count":1},{"name":"db2","count":1},{"name":"okiko","count":1},{"name":"crestron","count":1},{"name":"place","count":1},{"name":"bitrise","count":1},{"name":"cve2001","count":1},{"name":"mediumish","count":1},{"name":"playable","count":1},{"name":"e-mobile","count":1},{"name":"concourse","count":1},{"name":"bscw","count":1},{"name":"aero","count":1},{"name":"k8","count":1},{"name":"browserless","count":1},{"name":"esxi","count":1},{"name":"cherokee","count":1},{"name":"vercel","count":1},{"name":"openv500","count":1},{"name":"tufin","count":1},{"name":"beanshell","count":1},{"name":"jeecg-boot","count":1},{"name":"gstorage","count":1},{"name":"amcrest","count":1},{"name":"permissions","count":1},{"name":"gira","count":1},{"name":"opm","count":1},{"name":"1forge","count":1},{"name":"ganglia","count":1},{"name":"opensmtpd","count":1},{"name":"lanproxy","count":1},{"name":"shopxo","count":1},{"name":"turbo","count":1},{"name":"dompdf","count":1},{"name":"axiom","count":1},{"name":"revslider","count":1},{"name":"netbeans","count":1},{"name":"analytify","count":1},{"name":"serverstatus","count":1},{"name":"qizhi","count":1},{"name":"revive","count":1},{"name":"whm","count":1},{"name":"floc","count":1},{"name":"intelliflash","count":1},{"name":"h5s","count":1},{"name":"sv3c","count":1},{"name":"aniapi","count":1},{"name":"clickup","count":1},{"name":"bullwark","count":1},{"name":"cors","count":1},{"name":"huijietong","count":1},{"name":"ns","count":1},{"name":"webeditors","count":1},{"name":"block","count":1},{"name":"optiLink","count":1},{"name":"gnu","count":1},{"name":"encompass","count":1},{"name":"vault","count":1},{"name":"onkyo","count":1},{"name":"holidayapi","count":1},{"name":"piwik","count":1},{"name":"formalms","count":1},{"name":"geddy","count":1},{"name":"retool","count":1},{"name":"blockfrost","count":1},{"name":"clearbit","count":1},{"name":"secnet-ac","count":1},{"name":"api-manager","count":1},{"name":"zcms","count":1},{"name":"credential","count":1},{"name":"caddy","count":1},{"name":"glowroot","count":1},{"name":"agentejo","count":1},{"name":"extreme","count":1},{"name":"thinkserver","count":1},{"name":"cloudfoundry","count":1},{"name":"asanhamayesh","count":1},{"name":"xproxy","count":1},{"name":"expressjs","count":1},{"name":"domino","count":1},{"name":"accuweather","count":1},{"name":"alumni","count":1},{"name":"razor","count":1},{"name":"websvn","count":1},{"name":"iframe","count":1},{"name":"contactform","count":1},{"name":"ricoh","count":1},{"name":"moonpay","count":1},{"name":"incomcms","count":1},{"name":"suprema","count":1},{"name":"csod","count":1},{"name":"remkon","count":1},{"name":"wp-fundraising-donation","count":1},{"name":"sage","count":1},{"name":"privatekey","count":1},{"name":"hetzner","count":1},{"name":"boa","count":1},{"name":"clave","count":1},{"name":"debian","count":1},{"name":"opentsdb","count":1},{"name":"nvrsolo","count":1},{"name":"iq-block-country","count":1},{"name":"etherscan","count":1},{"name":"ftm","count":1},{"name":"viewlinc","count":1},{"name":"xunchi","count":1},{"name":"franklinfueling","count":1},{"name":"collegemanagement","count":1},{"name":"nearby","count":1},{"name":"calendarific","count":1},{"name":"rsa","count":1},{"name":"charity","count":1},{"name":"nps","count":1},{"name":"txt","count":1},{"name":"sh","count":1},{"name":"cse","count":1},{"name":"gemweb","count":1},{"name":"roteador","count":1},{"name":"server","count":1},{"name":"juniper","count":1},{"name":"saltapi","count":1},{"name":"sco","count":1},{"name":"twig","count":1},{"name":"bottle","count":1},{"name":"revealjs","count":1},{"name":"majordomo2","count":1},{"name":"todoist","count":1},{"name":"vcloud","count":1},{"name":"email","count":1},{"name":"salesforce","count":1},{"name":"cooperhewitt","count":1},{"name":"html2pdf","count":1},{"name":"feifeicms","count":1},{"name":"usc-e-shop","count":1},{"name":"xamr","count":1},{"name":"screenshotapi","count":1},{"name":"bedita","count":1},{"name":"siebel","count":1},{"name":"instatus","count":1},{"name":"h5sconsole","count":1},{"name":"guppy","count":1},{"name":"comfortel","count":1},{"name":"submitty","count":1},{"name":"omni","count":1},{"name":"lotuscms","count":1},{"name":"advanced-booking-calendar","count":1},{"name":"currencyfreaks","count":1},{"name":"dotclear","count":1},{"name":"kodexplorer","count":1},{"name":"kyocera","count":1},{"name":"logontracer","count":1},{"name":"axel","count":1},{"name":"member-hero","count":1},{"name":"emessage","count":1},{"name":"tox","count":1},{"name":"openssl","count":1},{"name":"strava","count":1},{"name":"netic","count":1},{"name":"nexusdb","count":1},{"name":"phpMyChat","count":1},{"name":"omniampx","count":1},{"name":"gilacms","count":1},{"name":"simply-schedule-appointments","count":1},{"name":"xiuno","count":1},{"name":"wowza","count":1},{"name":"thedogapi","count":1},{"name":"ventrilo","count":1},{"name":"angularjs","count":1},{"name":"hiawatha","count":1},{"name":"datadog","count":1},{"name":"zookeeper","count":1},{"name":"delta","count":1},{"name":"esmtp","count":1},{"name":"phalcon","count":1},{"name":"dbeaver","count":1},{"name":"ixbusweb","count":1},{"name":"tieline","count":1},{"name":"lgate","count":1},{"name":"webpconverter","count":1},{"name":"adafruit","count":1},{"name":"phpfastcache","count":1},{"name":"free5gc","count":1},{"name":"zaver","count":1},{"name":"haraj","count":1},{"name":"distance","count":1},{"name":"asana","count":1},{"name":"vsftpd","count":1},{"name":"homeautomation","count":1},{"name":"jinfornet","count":1},{"name":"rwebserver","count":1},{"name":"pagecdn","count":1},{"name":"projector","count":1},{"name":"ocs-inventory","count":1},{"name":"orangeforum","count":1},{"name":"codestats","count":1},{"name":"debounce","count":1},{"name":"totaljs","count":1},{"name":"netweaver","count":1},{"name":"sitefinity","count":1},{"name":"cve2000","count":1},{"name":"hydra","count":1},{"name":"ueditor","count":1},{"name":"gnuboard5","count":1},{"name":"flywheel","count":1},{"name":"youtube","count":1},{"name":"altn","count":1},{"name":"mailhog","count":1},{"name":"hiring","count":1},{"name":"zentao","count":1},{"name":"ssltls","count":1},{"name":"wazuh","count":1},{"name":"blackboard","count":1},{"name":"userstack","count":1},{"name":"wp-stats-manager","count":1},{"name":"mofi","count":1},{"name":"mailboxvalidator","count":1},{"name":"xmlchart","count":1},{"name":"qsan","count":1},{"name":"asus","count":1},{"name":"mara","count":1},{"name":"coinranking","count":1},{"name":"snipeit","count":1},{"name":"pirelli","count":1},{"name":"mappress","count":1},{"name":"novus","count":1},{"name":"thecatapi","count":1},{"name":"tika","count":1},{"name":"devalcms","count":1},{"name":"commerce","count":1},{"name":"smtp2go","count":1},{"name":"openvz","count":1},{"name":"ourmgmt3","count":1},{"name":"beego","count":1},{"name":"phpwiki","count":1},{"name":"unauthenticated","count":1},{"name":"suitecrm","count":1},{"name":"wakatime","count":1},{"name":"gpon","count":1},{"name":"nomad","count":1},{"name":"openerp","count":1},{"name":"chromium","count":1},{"name":"exchangerateapi","count":1},{"name":"aveva","count":1},{"name":"supportivekoala","count":1},{"name":"zm","count":1},{"name":"prexview","count":1},{"name":"ictprotege","count":1},{"name":"moveit","count":1},{"name":"phpok","count":1},{"name":"biometrics","count":1},{"name":"sso","count":1},{"name":"microfinance","count":1},{"name":"docebo","count":1},{"name":"placeos","count":1},{"name":"stridercd","count":1},{"name":"blackduck","count":1},{"name":"asa","count":1},{"name":"awin","count":1},{"name":"dreamweaver","count":1},{"name":"jenzabar","count":1},{"name":"auxin-elements","count":1},{"name":"festivo","count":1},{"name":"scrapingant","count":1},{"name":"babel","count":1},{"name":"surreal","count":1},{"name":"saml","count":1},{"name":"system","count":1},{"name":"fortigates","count":1},{"name":"intellect","count":1},{"name":"deviantart","count":1},{"name":"processmaker","count":1},{"name":"fortiap","count":1},{"name":"duplicator","count":1},{"name":"wiren","count":1},{"name":"orbintelligence","count":1},{"name":"alerta","count":1},{"name":"mozilla","count":1},{"name":"shell","count":1},{"name":"gloo","count":1},{"name":"gridx","count":1},{"name":"olt","count":1},{"name":"webcenter","count":1},{"name":"cloudcenter","count":1},{"name":"prestahome","count":1},{"name":"chevereto","count":1},{"name":"noescape","count":1},{"name":"lob","count":1},{"name":"rubedo","count":1},{"name":"opennebula","count":1},{"name":"burp","count":1},{"name":"ejs","count":1},{"name":"openmage","count":1},{"name":"dwsync","count":1},{"name":"crystal","count":1},{"name":"axxonsoft","count":1},{"name":"iplanet","count":1},{"name":"qualcomm","count":1},{"name":"ez","count":1},{"name":"archibus","count":1},{"name":"nsasg","count":1},{"name":"msmtp","count":1},{"name":"expose","count":1},{"name":"jsonbin","count":1},{"name":"open-school","count":1},{"name":"interlib","count":1},{"name":"flip","count":1},{"name":"web-suite","count":1},{"name":"accessmanager","count":1},{"name":"jinher","count":1},{"name":"hivemanager","count":1},{"name":"pastebin","count":1},{"name":"shodan","count":1},{"name":"stem","count":1},{"name":"ilch","count":1},{"name":"ipanel","count":1},{"name":"b2evolution","count":1},{"name":"geolocation","count":1},{"name":"buddy","count":1},{"name":"intellislot","count":1},{"name":"juddi","count":1},{"name":"tracing","count":1},{"name":"cryptocurrencies","count":1},{"name":"screenshot","count":1},{"name":"mongo-express","count":1},{"name":"cloudconvert","count":1},{"name":"dribbble","count":1},{"name":"appsmith","count":1},{"name":"fortressaircraft","count":1},{"name":"vtiger","count":1},{"name":"commvault","count":1},{"name":"mini_httpd","count":1},{"name":"sonarcloud","count":1},{"name":"securepoint","count":1},{"name":"teltonika","count":1},{"name":"cron","count":1},{"name":"wpcargo","count":1},{"name":"scraperapi","count":1},{"name":"cloudera","count":1},{"name":"contentify","count":1},{"name":"seopanel","count":1},{"name":"pihole","count":1},{"name":"twitter-server","count":1},{"name":"redcap","count":1},{"name":"paneil","count":1},{"name":"neobox","count":1},{"name":"sponip","count":1},{"name":"yopass","count":1},{"name":"prototype","count":1},{"name":"geocode","count":1},{"name":"atvise","count":1},{"name":"shindig","count":1},{"name":"kingdee","count":1},{"name":"fedora","count":1},{"name":"tugboat","count":1},{"name":"tiny","count":1},{"name":"mcloud","count":1},{"name":"infinitewp","count":1},{"name":"rmi","count":1},{"name":"travis","count":1},{"name":"mgrng","count":1},{"name":"sgp","count":1},{"name":"semaphore","count":1},{"name":"webftp","count":1},{"name":"nuxeo","count":1},{"name":"behat","count":1},{"name":"ssi","count":1},{"name":"smarterstats","count":1},{"name":"apim","count":1},{"name":"bibliopac","count":1},{"name":"ecsimagingpacs","count":1},{"name":"pdflayer","count":1},{"name":"vision","count":1},{"name":"aquasec","count":1},{"name":"zerodium","count":1},{"name":"ddownload","count":1},{"name":"quantum","count":1},{"name":"brandfolder","count":1},{"name":"shortcode","count":1},{"name":"patreon-connect","count":1},{"name":"apcu","count":1},{"name":"abuseipdb","count":1},{"name":"qmail","count":1},{"name":"nette","count":1},{"name":"pinata","count":1},{"name":"loganalyzer","count":1},{"name":"vibe","count":1},{"name":"dnssec","count":1},{"name":"workresources","count":1},{"name":"smartsheet","count":1},{"name":"mod-proxy","count":1},{"name":"apiflash","count":1},{"name":"zenphoto","count":1},{"name":"sling","count":1},{"name":"kyan","count":1},{"name":"st","count":1},{"name":"raspap","count":1},{"name":"ind780","count":1},{"name":"oauth2","count":1},{"name":"etherpad","count":1},{"name":"inetutils","count":1},{"name":"flyway","count":1},{"name":"clockwatch","count":1},{"name":"springframework","count":1},{"name":"cybrotech","count":1},{"name":"AlphaWeb","count":1},{"name":"verint","count":1},{"name":"honeypot","count":1},{"name":"hiboss","count":1},{"name":"bigfix","count":1},{"name":"eyelock","count":1},{"name":"spartacus","count":1},{"name":"totolink","count":1},{"name":"etcd","count":1},{"name":"blue-ocean","count":1},{"name":"bitcoinaverage","count":1},{"name":"ncbi","count":1},{"name":"catalogcreater","count":1},{"name":"varnish","count":1},{"name":"secmail","count":1},{"name":"zeppelin","count":1},{"name":"jupyterhub","count":1},{"name":"spip","count":1},{"name":"udraw","count":1},{"name":"huemagic","count":1},{"name":"hcl","count":1},{"name":"perl","count":1},{"name":"visionhub","count":1},{"name":"clearcom","count":1},{"name":"weglot","count":1},{"name":"openid","count":1},{"name":"nifi","count":1},{"name":"ecosys","count":1},{"name":"jumpserver","count":1},{"name":"incapptic-connect","count":1},{"name":"arris","count":1},{"name":"dss","count":1},{"name":"c99","count":1},{"name":"opengear","count":1},{"name":"myucms","count":1},{"name":"gallery","count":1},{"name":"pricing-deals-for-woocommerce","count":1},{"name":"camunda","count":1},{"name":"zuul","count":1},{"name":"route","count":1},{"name":"gunicorn","count":1},{"name":"rpcms","count":1},{"name":"micro","count":1},{"name":"bingmaps","count":1},{"name":"apos","count":1},{"name":"netrc","count":1},{"name":"admidio","count":1},{"name":"biotime","count":1},{"name":"h-sphere","count":1},{"name":"calendly","count":1},{"name":"clockify","count":1},{"name":"achecker","count":1},{"name":"maestro","count":1},{"name":"dapr","count":1},{"name":"kerbynet","count":1},{"name":"yealink","count":1},{"name":"pcoweb","count":1},{"name":"leanix","count":1},{"name":"icc-pro","count":1},{"name":"phoronix","count":1},{"name":"yzmcms","count":1},{"name":"api2convert","count":1},{"name":"epm","count":1},{"name":"openshift","count":1},{"name":"fcm","count":1},{"name":"easyappointments","count":1},{"name":"bitquery","count":1},{"name":"smi","count":1},{"name":"simplecrm","count":1},{"name":"phpsec","count":1},{"name":"currencyscoop","count":1},{"name":"alquist","count":1},{"name":"browshot","count":1},{"name":"barracuda","count":1},{"name":"nownodes","count":1},{"name":"cx","count":1},{"name":"slstudio","count":1},{"name":"pagerduty","count":1},{"name":"kindeditor","count":1},{"name":"natemail","count":1},{"name":"hunter","count":1},{"name":"autocomplete","count":1},{"name":"calendarix","count":1},{"name":"cve2004","count":1},{"name":"genie","count":1},{"name":"europeana","count":1},{"name":"directum","count":1},{"name":"flureedb","count":1},{"name":"kubecost","count":1},{"name":"pa11y","count":1},{"name":"goip","count":1},{"name":"tbk","count":1},{"name":"adfs","count":1},{"name":"dropbox","count":1},{"name":"faraday","count":1},{"name":"wiki","count":1},{"name":"zblog","count":1},{"name":"intelx","count":1},{"name":"mpsec","count":1},{"name":"hortonworks","count":1},{"name":"buildbot","count":1},{"name":"bookstack","count":1},{"name":"limit","count":1},{"name":"kubeflow","count":1},{"name":"ti-woocommerce-wishlist","count":1},{"name":"krweb","count":1},{"name":"roads","count":1},{"name":"mailer","count":1},{"name":"shibboleth","count":1},{"name":"commscope","count":1},{"name":"jnoj","count":1},{"name":"jwt","count":1},{"name":"amdoren","count":1},{"name":"clickhouse","count":1},{"name":"foss","count":1},{"name":"intouch","count":1},{"name":"mojoauth","count":1},{"name":"fastapi","count":1},{"name":"threatq","count":1},{"name":"ninja-forms","count":1},{"name":"jabber","count":1},{"name":"shopify","count":1},{"name":"obcs","count":1},{"name":"peoplesoft","count":1},{"name":"tink","count":1},{"name":"pichome","count":1},{"name":"icinga","count":1},{"name":"mtheme","count":1},{"name":"bitdefender","count":1},{"name":"polarisft","count":1},{"name":"sumowebtools","count":1},{"name":"clockwork","count":1},{"name":"trilithic","count":1},{"name":"daybyday","count":1},{"name":"ignition","count":1},{"name":"hirak","count":1},{"name":"savepage","count":1},{"name":"gofile","count":1},{"name":"sast","count":1},{"name":"schneider","count":1},{"name":"liquibase","count":1},{"name":"3com","count":1},{"name":"privx","count":1},{"name":"restler","count":1},{"name":"aceadmin","count":1},{"name":"zzzphp","count":1},{"name":"novius","count":1},{"name":"binaryedge","count":1},{"name":"edgemax","count":1},{"name":"hanwang","count":1},{"name":"netbiblio","count":1},{"name":"facturascripts","count":1},{"name":"datahub","count":1},{"name":"mailwatch","count":1},{"name":"codis","count":1},{"name":"anchorcms","count":1},{"name":"goahead","count":1},{"name":"scalar","count":1},{"name":"jspxcms","count":1},{"name":"razer","count":1},{"name":"sitemap","count":1},{"name":"bibliosoft","count":1},{"name":"dericam","count":1},{"name":"zipkin","count":1},{"name":"mediation","count":1},{"name":"ecshop","count":1},{"name":"nopcommerce","count":1},{"name":"grails","count":1},{"name":"meraki","count":1},{"name":"pods","count":1},{"name":"vagrant","count":1},{"name":"labtech","count":1},{"name":"lfw","count":1},{"name":"rudloff","count":1},{"name":"centreon","count":1},{"name":"ektron","count":1},{"name":"landrayoa","count":1},{"name":"fastly","count":1},{"name":"grandnode","count":1},{"name":"nagios-xi","count":1},{"name":"currencylayer","count":1},{"name":"karel","count":1},{"name":"office365","count":1},{"name":"ray","count":1},{"name":"sslmate","count":1},{"name":"malshare","count":1},{"name":"eg","count":1},{"name":"eyoucms","count":1},{"name":"mitel","count":1},{"name":"okta","count":1},{"name":"starttls","count":1},{"name":"appveyor","count":1},{"name":"qualtrics","count":1},{"name":"sassy","count":1},{"name":"appweb","count":1},{"name":"pivotaltracker","count":1},{"name":"kvm","count":1},{"name":"gsm","count":1},{"name":"smartsense","count":1},{"name":"primetek","count":1},{"name":"inspur","count":1},{"name":"lumis","count":1},{"name":"webctrl","count":1},{"name":"luftguitar","count":1},{"name":"fusion","count":1},{"name":"daily-prayer-time-for-mosques","count":1},{"name":"tinypng","count":1},{"name":"issabel","count":1},{"name":"rsyncd","count":1},{"name":"mailmap","count":1},{"name":"acme","count":1},{"name":"wbcecms","count":1},{"name":"mongoose","count":1},{"name":"xeams","count":1},{"name":"finereport","count":1},{"name":"reddit","count":1},{"name":"sofneta","count":1},{"name":"oki","count":1},{"name":"lionwiki","count":1},{"name":"bazarr","count":1},{"name":"faust","count":1},{"name":"age-gate","count":1},{"name":"siteomat","count":1},{"name":"termtalk","count":1},{"name":"pyramid","count":1},{"name":"tjws","count":1},{"name":"editor","count":1},{"name":"justwriting","count":1},{"name":"racksnet","count":1},{"name":"zoomeye","count":1},{"name":"sefile","count":1},{"name":"h2","count":1},{"name":"nzbget","count":1},{"name":"cname","count":1},{"name":"owa","count":1},{"name":"davantis","count":1},{"name":"nedi","count":1},{"name":"phpldap","count":1},{"name":"visualtools","count":1},{"name":"photostation","count":1},{"name":"jsp","count":1},{"name":"aircube","count":1},{"name":"dahua","count":1},{"name":"ewebs","count":1},{"name":"powerjob","count":1},{"name":"routeros","count":1},{"name":"jsapi","count":1},{"name":"pkp-lib","count":1},{"name":"scrutinizer","count":1},{"name":"bhagavadgita","count":1},{"name":"monitorr","count":1},{"name":"login-bypass","count":1},{"name":"aims","count":1},{"name":"dir-615","count":1},{"name":"openview","count":1},{"name":"sls","count":1},{"name":"sourcebans","count":1},{"name":"onelogin","count":1},{"name":"ccm","count":1},{"name":"defi","count":1},{"name":"planon","count":1},{"name":"kramer","count":1},{"name":"sunflower","count":1},{"name":"catfishcms","count":1},{"name":"opengraphr","count":1},{"name":"wordcloud","count":1},{"name":"cgit","count":1},{"name":"hugo","count":1},{"name":"cofax","count":1},{"name":"timesheet","count":1},{"name":"parentlink","count":1},{"name":"sureline","count":1},{"name":"sms","count":1},{"name":"memory-pipes","count":1},{"name":"dvdFab","count":1},{"name":"yaws","count":1},{"name":"airtable","count":1},{"name":"kronos","count":1},{"name":"cloudron","count":1},{"name":"mkdocs","count":1},{"name":"beanstalk","count":1},{"name":"trilium","count":1},{"name":"version","count":1},{"name":"jeewms","count":1},{"name":"deluge","count":1},{"name":"postgres","count":1},{"name":"rollupjs","count":1},{"name":"rustici","count":1},{"name":"dasan","count":1},{"name":"enumeration","count":1},{"name":"tensorflow","count":1},{"name":"flyteconsole","count":1},{"name":"surveysparrow","count":1},{"name":"wget","count":1},{"name":"szhe","count":1},{"name":"pan","count":1},{"name":"vsphere","count":1},{"name":"web3storage","count":1},{"name":"supersign","count":1},{"name":"binance","count":1},{"name":"html2wp","count":1},{"name":"drone","count":1},{"name":"i3geo","count":1},{"name":"cluster","count":1},{"name":"secnet","count":1},{"name":"rainloop","count":1},{"name":"dolphinscheduler","count":1},{"name":"sqwebmail","count":1},{"name":"nytimes","count":1},{"name":"malwarebazaar","count":1},{"name":"rijksmuseum","count":1},{"name":"lacie","count":1},{"name":"stored","count":1},{"name":"softaculous","count":1},{"name":"linktap","count":1},{"name":"chronoforums","count":1},{"name":"minimouse","count":1},{"name":"mapbox","count":1},{"name":"whmcs","count":1},{"name":"wms","count":1},{"name":"quip","count":1},{"name":"radius","count":1},{"name":"casemanager","count":1},{"name":"ilo4","count":1},{"name":"uvdesk","count":1},{"name":"nodebb","count":1},{"name":"clustering","count":1},{"name":"ulterius","count":1},{"name":"lancom","count":1},{"name":"backupbuddy","count":1},{"name":"coinlayer","count":1},{"name":"ipfind","count":1},{"name":"rhymix","count":1},{"name":"clearfy-cache","count":1},{"name":"woody","count":1},{"name":"zebra","count":1},{"name":"zoneminder","count":1},{"name":"global","count":1},{"name":"utility","count":1},{"name":"dropbear","count":1},{"name":"mariadb","count":1},{"name":"moinmoin","count":1},{"name":"openedx","count":1},{"name":"billquick","count":1},{"name":"nweb2fax","count":1},{"name":"alchemy","count":1},{"name":"web-dispatcher","count":1},{"name":"turbocrm","count":1},{"name":"box","count":1},{"name":"hangfire","count":1},{"name":"zenrows","count":1},{"name":"ocean-extra","count":1},{"name":"gurock","count":1},{"name":"dotnetcms","count":1},{"name":"skywalking","count":1},{"name":"aspnuke","count":1},{"name":"easync-booking","count":1},{"name":"pyspider","count":1},{"name":"flowci","count":1},{"name":"proxykingdom","count":1},{"name":"graphiql","count":1},{"name":"nagiosxi","count":1},{"name":"ruoyi","count":1},{"name":"qvidium","count":1},{"name":"pypicloud","count":1},{"name":"pyproject","count":1},{"name":"abbott","count":1},{"name":"securitytrails","count":1},{"name":"phpminiadmin","count":1},{"name":"citybook","count":1},{"name":"landray","count":1},{"name":"acs","count":1},{"name":"anycomment","count":1},{"name":"helpdesk","count":1},{"name":"avigilon","count":1},{"name":"employment","count":1},{"name":"wallix","count":1},{"name":"directions","count":1},{"name":"mspcontrol","count":1},{"name":"htmli","count":1},{"name":"caa","count":1},{"name":"mobile","count":1},{"name":"m-files","count":1},{"name":"fanwei","count":1},{"name":"ioncube","count":1},{"name":"mongoshake","count":1},{"name":"gocron","count":1},{"name":"kaes","count":1},{"name":"event","count":1},{"name":"piluscart","count":1},{"name":"maccmsv10","count":1},{"name":"kodi","count":1},{"name":"trello","count":1},{"name":"opennms","count":1},{"name":"spidercontrol","count":1},{"name":"zap","count":1},{"name":"payroll","count":1},{"name":"tracking","count":1},{"name":"netmask","count":1},{"name":"dwr","count":1},{"name":"adb","count":1},{"name":"shiro","count":1},{"name":"reprise","count":1},{"name":"openethereum","count":1},{"name":"fms","count":1},{"name":"find","count":1},{"name":"labstack","count":1},{"name":"securityspy","count":1},{"name":"tarantella","count":1},{"name":"phabricator","count":1},{"name":"eyoumail","count":1},{"name":"csa","count":1},{"name":"led","count":1},{"name":"turnkey","count":1},{"name":"fontawesome","count":1},{"name":"wpcentral","count":1},{"name":"streetview","count":1},{"name":"monitorix","count":1},{"name":"telecom","count":1},{"name":"cuppa","count":1},{"name":"opnsense","count":1},{"name":"d-link","count":1},{"name":"harvardart","count":1},{"name":"defectdojo","count":1},{"name":"qlik","count":1},{"name":"basic-auth","count":1},{"name":"fhem","count":1},{"name":"smartblog","count":1},{"name":"viaware","count":1},{"name":"avalanche","count":1},{"name":"learnpress","count":1},{"name":"hostio","count":1},{"name":"dapp","count":1},{"name":"webuzo","count":1},{"name":"nerdgraph","count":1},{"name":"nessus","count":1},{"name":"ucs","count":1},{"name":"zoomsounds","count":1},{"name":"zentral","count":1},{"name":"etouch","count":1},{"name":"chinaunicom","count":1},{"name":"acexy","count":1},{"name":"ip2whois","count":1},{"name":"ethereum","count":1},{"name":"nvrmini","count":1},{"name":"myvuehelp","count":1},{"name":"spf","count":1},{"name":"buddypress","count":1},{"name":"elevation","count":1},{"name":"u5cms","count":1},{"name":"jgraph","count":1},{"name":"qts","count":1},{"name":"timeclock","count":1},{"name":"barco","count":1},{"name":"wdja","count":1},{"name":"questdb","count":1},{"name":"portainer","count":1},{"name":"airnotifier","count":1},{"name":"antsword","count":1},{"name":"darktrace","count":1},{"name":"visualstudio","count":1},{"name":"sicom","count":1},{"name":"sentinelone","count":1},{"name":"nuget","count":1},{"name":"nirweb-support","count":1},{"name":"omi","count":1},{"name":"academylms","count":1},{"name":"leostream","count":1},{"name":"officekeeper","count":1},{"name":"awx","count":1},{"name":"clink-office","count":1},{"name":"macaddresslookup","count":1},{"name":"smartgateway","count":1},{"name":"acontent","count":1},{"name":"thinkadmin","count":1},{"name":"monitor","count":1},{"name":"mesos","count":1},{"name":"ucp","count":1},{"name":"emobile","count":1},{"name":"episerver","count":1},{"name":"shopware","count":1},{"name":"qdpm","count":1},{"name":"hdnetwork","count":1},{"name":"powertek","count":1},{"name":"urlscan","count":1},{"name":"dixell","count":1},{"name":"oneblog","count":1},{"name":"knowage","count":1},{"name":"maximo","count":1},{"name":"lokalise","count":1}],"authors":[{"name":"dhiyaneshdk","count":687},{"name":"daffainfo","count":659},{"name":"pikpikcu","count":340},{"name":"pdteam","count":274},{"name":"geeknik","count":196},{"name":"dwisiswant0","count":171},{"name":"0x_akoko","count":169},{"name":"ritikchaddha","count":159},{"name":"pussycat0x","count":157},{"name":"princechaddha","count":153},{"name":"gy741","count":134},{"name":"arafatansari","count":102},{"name":"tess","count":74},{"name":"madrobot","count":65},{"name":"zzeitlin","count":64},{"name":"idealphase","count":61},{"name":"akincibor","count":51},{"name":"for3stco1d","count":47},{"name":"gaurang","count":42},{"name":"philippedelteil","count":36},{"name":"adam crosser","count":31},{"name":"edoardottt","count":28},{"name":"theamanrawat","count":26},{"name":"ice3man","count":26},{"name":"c-sh0","count":26},{"name":"organiccrap","count":24},{"name":"righettod","count":22},{"name":"ffffffff0x","count":22},{"name":"techbrunchfr","count":21},{"name":"cckuailong","count":18},{"name":"sullo","count":17},{"name":"sheikhrishad","count":15},{"name":"pr3r00t","count":15},{"name":"milo2012","count":14},{"name":"r3dg33k","count":14},{"name":"johnk3r","count":13},{"name":"0ri2n","count":13},{"name":"tenbird","count":13},{"name":"sharath","count":13},{"name":"suman_kar","count":12},{"name":"random-robbie","count":12},{"name":"melbadry9","count":12},{"name":"cyllective","count":11},{"name":"elsfa7110","count":11},{"name":"wdahlenb","count":11},{"name":"dogasantos","count":11},{"name":"nadino","count":10},{"name":"meme-lord","count":10},{"name":"random_robbie","count":10},{"name":"hackergautam","count":10},{"name":"logicalhunter","count":10},{"name":"alph4byt3","count":10},{"name":"emadshanab","count":9},{"name":"0x240x23elu","count":9},{"name":"oppsec","count":9},{"name":"iamthefrogy","count":8},{"name":"that_juan_","count":8},{"name":"zh","count":8},{"name":"veshraj","count":8},{"name":"lu4nx","count":8},{"name":"aashiq","count":8},{"name":"caspergn","count":7},{"name":"kophjager007","count":7},{"name":"dr_set","count":7},{"name":"divya_mudgal","count":7},{"name":"techryptic (@tech)","count":7},{"name":"randomstr1ng","count":7},{"name":"harshbothra_","count":7},{"name":"amit-jd","count":7},{"name":"leovalcante","count":7},{"name":"pathtaga","count":6},{"name":"imnightmaree","count":6},{"name":"puzzlepeaches","count":6},{"name":"praetorian-thendrickson","count":6},{"name":"__fazal","count":6},{"name":"ricardomaia","count":6},{"name":"iamnoooob","count":6},{"name":"nullfuzz","count":6},{"name":"gitlab red team","count":6},{"name":"_0xf4n9x_","count":6},{"name":"pentest_swissky","count":6},{"name":"rootxharsh","count":6},{"name":"evan rubinstein","count":6},{"name":"forgedhallpass","count":6},{"name":"nodauf","count":5},{"name":"yanyun","count":5},{"name":"prajiteshsingh","count":5},{"name":"joanbono","count":5},{"name":"podalirius","count":5},{"name":"panch0r3d","count":5},{"name":"ganofins","count":5},{"name":"xelkomy","count":5},{"name":"clem9669","count":5},{"name":"scent2d","count":4},{"name":"defr0ggy","count":4},{"name":"wisnupramoedya","count":4},{"name":"robotshell","count":4},{"name":"3th1c_yuk1","count":4},{"name":"its0x08","count":4},{"name":"incogbyte","count":4},{"name":"dolev farhi","count":4},{"name":"dadevel","count":4},{"name":"h1ei1","count":4},{"name":"r3naissance","count":4},{"name":"0xlittleboy","count":4},{"name":"tanq16","count":4},{"name":"e_schultze_","count":4},{"name":"whoever","count":3},{"name":"yuzhe-zhang-0","count":3},{"name":"skeltavik","count":3},{"name":"emenalf","count":3},{"name":"lark-lab","count":3},{"name":"alifathi-h1","count":3},{"name":"kh4sh3i","count":3},{"name":"jarijaas","count":3},{"name":"davidmckennirey","count":3},{"name":"impramodsargar","count":3},{"name":"dr0pd34d","count":3},{"name":"shifacyclewala","count":3},{"name":"fxploit","count":3},{"name":"fyoorer","count":3},{"name":"lucasljm2001","count":3},{"name":"sushantkamble","count":3},{"name":"unstabl3","count":3},{"name":"powerexploit","count":3},{"name":"_generic_human_","count":3},{"name":"swissky","count":3},{"name":"me9187","count":3},{"name":"atomiczsec","count":3},{"name":"f1tz","count":3},{"name":"ph33r","count":3},{"name":"binaryfigments","count":3},{"name":"mr-xn","count":3},{"name":"yash anand @yashanand155","count":3},{"name":"hahwul","count":3},{"name":"z3bd","count":3},{"name":"mavericknerd","count":3},{"name":"thomas_from_offensity","count":3},{"name":"0w4ys","count":3},{"name":"ekrause","count":3},{"name":"andydoering","count":3},{"name":"arcc","count":3},{"name":"splint3r7","count":3},{"name":"johnjhacking","count":3},{"name":"shine","count":3},{"name":"dudez","count":3},{"name":"supras","count":3},{"name":"vavkamil","count":2},{"name":"k11h-de","count":2},{"name":"w4cky_","count":2},{"name":"0xcrypto","count":2},{"name":"pxmme1337","count":2},{"name":"cristi vlad (@cristivlad25)","count":2},{"name":"canberbamber","count":2},{"name":"d4vy","count":2},{"name":"clarkvoss","count":2},{"name":"cocxanh","count":2},{"name":"danielmofer","count":2},{"name":"n-thumann","count":2},{"name":"ehsahil","count":2},{"name":"badboycxcc","count":2},{"name":"ambassify","count":2},{"name":"luci","count":2},{"name":"8arthur","count":2},{"name":"x1m_martijn","count":2},{"name":"true13","count":2},{"name":"bernardofsr","count":2},{"name":"thardt-praetorian","count":2},{"name":"udit_thakkur","count":2},{"name":"r12w4n","count":2},{"name":"0xrudra","count":2},{"name":"mahendra purbia (mah3sec_)","count":2},{"name":"github.com/its0x08","count":2},{"name":"brenocss","count":2},{"name":"zomsop82","count":2},{"name":"smaranchand","count":2},{"name":"sbani","count":2},{"name":"lotusdll","count":2},{"name":"ree4pwn","count":2},{"name":"hetroublemakr","count":2},{"name":"hackerarpan","count":2},{"name":"evergreencartoons","count":2},{"name":"cckuakilong","count":2},{"name":"convisoappsec","count":2},{"name":"nkxxkn","count":2},{"name":"moritz nentwig","count":2},{"name":"socketz","count":2},{"name":"dbrwsky","count":2},{"name":"0xsmiley","count":2},{"name":"thezakman","count":2},{"name":"israel comazzetto dos reis","count":2},{"name":"fabaff","count":2},{"name":"ricardo maia (brainfork)","count":2},{"name":"manas_harsh","count":2},{"name":"redteambrasil","count":2},{"name":"ajaysenr","count":2},{"name":"parth","count":2},{"name":"paradessia","count":2},{"name":"0xnirvana","count":2},{"name":"dheerajmadhukar","count":2},{"name":"g4l1t0","count":2},{"name":"amsda","count":2},{"name":"bsysop","count":2},{"name":"z0ne","count":2},{"name":"myztique","count":2},{"name":"joshlarsen","count":2},{"name":"0xelkomy","count":2},{"name":"afaq","count":2},{"name":"randomrobbie","count":2},{"name":"sy3omda","count":2},{"name":"gevakun","count":2},{"name":"gal nagli","count":2},{"name":"vsh00t","count":2},{"name":"rafaelwdornelas","count":2},{"name":"kiblyn11","count":2},{"name":"v0idc0de","count":2},{"name":"nvn1729","count":2},{"name":"joeldeleep","count":2},{"name":"taielab","count":2},{"name":"kre80r","count":2},{"name":"bananabr","count":2},{"name":"y4er","count":2},{"name":"bing0o","count":2},{"name":"dahse89","count":2},{"name":"mohammedsaneem","count":2},{"name":"666asd","count":2},{"name":"uomogrande","count":2},{"name":"paperpen","count":2},{"name":"nuk3s3c","count":2},{"name":"raesene","count":2},{"name":"korteke","count":2},{"name":"codexlynx","count":2},{"name":"foulenzer","count":2},{"name":"bp0lr","count":2},{"name":"martincodes-de","count":2},{"name":"0xsapra","count":2},{"name":"koti2","count":2},{"name":"geekby","count":2},{"name":"0xprial","count":2},{"name":"huowuzhao","count":2},{"name":"erethon","count":1},{"name":"thebinitghimire","count":1},{"name":"ransomsec","count":1},{"name":"cookiehanhoan","count":1},{"name":"f1she3","count":1},{"name":"udinchan","count":1},{"name":"ldionmarcil","count":1},{"name":"0ut0fb4nd","count":1},{"name":"sec_hawk","count":1},{"name":"retr02332","count":1},{"name":"miroslavsotak","count":1},{"name":"natto97","count":1},{"name":"aceseven (digisec360)","count":1},{"name":"jcockhren","count":1},{"name":"h4kux","count":1},{"name":"jteles","count":1},{"name":"mhdsamx","count":1},{"name":"droberson","count":1},{"name":"sherlocksecurity","count":1},{"name":"jna1","count":1},{"name":"lamscun","count":1},{"name":"brabbit10","count":1},{"name":"ola456","count":1},{"name":"bad5ect0r","count":1},{"name":"petruknisme","count":1},{"name":"ggranjus","count":1},{"name":"djoevanka","count":1},{"name":"bibeksapkota (sar00n)","count":1},{"name":"aringo","count":1},{"name":"jeya seelan","count":1},{"name":"0h1in9e","count":1},{"name":"ahmed sherif","count":1},{"name":"calumjelrick","count":1},{"name":"0xelkomy \u0026 c0nqr0r","count":1},{"name":"zinminphy0","count":1},{"name":"tim_koopmans","count":1},{"name":"aaronchen0","count":1},{"name":"omarkurt","count":1},{"name":"phyr3wall","count":1},{"name":"alperenkesk","count":1},{"name":"kurohost","count":1},{"name":"skylark-lab","count":1},{"name":"rojanrijal","count":1},{"name":"vinit989","count":1},{"name":"8authur","count":1},{"name":"berkdusunur","count":1},{"name":"deena","count":1},{"name":"infosecsanyam","count":1},{"name":"th3.d1p4k","count":1},{"name":"realexp3rt","count":1},{"name":"evan rubinstien","count":1},{"name":"blckraven","count":1},{"name":"af001","count":1},{"name":"bjhulst","count":1},{"name":"notnotnotveg","count":1},{"name":"daffianfo","count":1},{"name":"mubassirpatel","count":1},{"name":"paper-pen","count":1},{"name":"exploitation","count":1},{"name":"akshansh","count":1},{"name":"arr0way","count":1},{"name":"kailashbohara","count":1},{"name":"sicksec","count":1},{"name":"mesaglio","count":1},{"name":"wabafet","count":1},{"name":"daviey","count":1},{"name":"open-sec","count":1},{"name":"noraj","count":1},{"name":"flag007","count":1},{"name":"amnotacat","count":1},{"name":"b0yd","count":1},{"name":"ivo palazzolo (@palaziv)","count":1},{"name":"carlosvieira","count":1},{"name":"furkansayim","count":1},{"name":"0xceba","count":1},{"name":"manasmbellani","count":1},{"name":"dk999","count":1},{"name":"hexcat","count":1},{"name":"allenwest24","count":1},{"name":"luqmaan hadia","count":1},{"name":"ipanda","count":1},{"name":"viondexd","count":1},{"name":"0xtavian","count":1},{"name":"bernardo rodrigues @bernardofsr","count":1},{"name":"ofjaaah","count":1},{"name":"rodnt","count":1},{"name":"orpheus","count":1},{"name":"un-fmunozs","count":1},{"name":"kiks7","count":1},{"name":"rotemreiss","count":1},{"name":"duty_1g","count":1},{"name":"failopen","count":1},{"name":"thesubtlety","count":1},{"name":"manuelbua","count":1},{"name":"b0rn2r00t","count":1},{"name":"iphantasmic","count":1},{"name":"twitter.com/dheerajmadhukar","count":1},{"name":"arall","count":1},{"name":"co0nan","count":1},{"name":"zsusac","count":1},{"name":"x6263","count":1},{"name":"rschio","count":1},{"name":"shiar","count":1},{"name":"pry0cc","count":1},{"name":"retr0","count":1},{"name":"j3ssie/geraldino2","count":1},{"name":"0xd0ff9","count":1},{"name":"alex","count":1},{"name":"lixts","count":1},{"name":"jrolf","count":1},{"name":"noamrathaus","count":1},{"name":"lingtren","count":1},{"name":"adrianmf","count":1},{"name":"official_blackhat13","count":1},{"name":"anon-artist","count":1},{"name":"jeya.seelan","count":1},{"name":"dawid-czarnecki","count":1},{"name":"toufik-airane","count":1},{"name":"ahmed abou-ela","count":1},{"name":"kabirsuda","count":1},{"name":"0xceeb","count":1},{"name":"evolutionsec","count":1},{"name":"harshinsecurity","count":1},{"name":"queencitycyber","count":1},{"name":"knassar702","count":1},{"name":"patralos","count":1},{"name":"alexrydzak","count":1},{"name":"fopina","count":1},{"name":"luskabol","count":1},{"name":"p-l-","count":1},{"name":"yashgoti","count":1},{"name":"ph33rr","count":1},{"name":"udyz","count":1},{"name":"bernardo rodrigues @bernardofsr | andré monteiro @am0nt31r0","count":1},{"name":"charanrayudu","count":1},{"name":"micha3lb3n","count":1},{"name":"regala_","count":1},{"name":"danigoland","count":1},{"name":"ramkrishna sawant","count":1},{"name":"bartu utku sarp","count":1},{"name":"elmahdi","count":1},{"name":"akash.c","count":1},{"name":"exid","count":1},{"name":"izn0u","count":1},{"name":"s1r1u5_","count":1},{"name":"_c0wb0y_","count":1},{"name":"hanlaomo","count":1},{"name":"intx0x80","count":1},{"name":"theabhinavgaur","count":1},{"name":"streetofhackerr007","count":1},{"name":"iampritam","count":1},{"name":"kr1shna4garwal","count":1},{"name":"remonsec","count":1},{"name":"kba@sogeti_esec","count":1},{"name":"opencirt","count":1},{"name":"hardik-rathod","count":1},{"name":"aaron_costello (@conspiracyproof)","count":1},{"name":"httpvoid","count":1},{"name":"shreyapohekar","count":1},{"name":"2rs3c","count":1},{"name":"viniciuspereiras","count":1},{"name":"coldfish","count":1},{"name":"elouhi","count":1},{"name":"piyushchhiroliya","count":1},{"name":"yashanand155","count":1},{"name":"tehtbl","count":1},{"name":"ringo","count":1},{"name":"igibanez","count":1},{"name":"notsoevilweasel","count":1},{"name":"jbaines-r7","count":1},{"name":"matthew nickerson (b0than) @ layer 8 security","count":1},{"name":"higor melgaço (eremit4)","count":1},{"name":"yavolo","count":1},{"name":"mantissts","count":1},{"name":"b4uh0lz","count":1},{"name":"tea","count":1},{"name":"d0rkerdevil","count":1},{"name":"bughuntersurya","count":1},{"name":"lethargynavigator","count":1},{"name":"vzamanillo","count":1},{"name":"ilovebinbash","count":1},{"name":"majidmc2","count":1},{"name":"xeldax","count":1},{"name":"compr00t","count":1},{"name":"lrtk-coder","count":1},{"name":"luqmaan hadia [luqiih](https://github.com/luqiih)","count":1},{"name":"manikanta a.k.a @secureitmania","count":1},{"name":"prettyboyaaditya","count":1},{"name":"ahmetpergamum","count":1},{"name":"ooooooo_q","count":1},{"name":"soyelmago","count":1},{"name":"exceed","count":1},{"name":"francescocarlucci","count":1},{"name":"thevillagehacker","count":1},{"name":"philippdelteil","count":1},{"name":"aresx","count":1},{"name":"0xh7ml","count":1},{"name":"screamy","count":1},{"name":"streetofhackerr007 (rohit soni)","count":1},{"name":"willd96","count":1},{"name":"remi gascou (podalirius)","count":1},{"name":"nielsing","count":1},{"name":"arm!tage","count":1},{"name":"ratnadip gajbhiye","count":1},{"name":"1nf1n7y","count":1},{"name":"zandros0","count":1},{"name":"_harleo","count":1},{"name":"wlayzz","count":1},{"name":"geraldino2","count":1},{"name":"ling","count":1},{"name":"kiransau","count":1},{"name":"revblock","count":1},{"name":"andirrahmani1","count":1},{"name":"sid ahmed malaoui @ realistic security","count":1},{"name":"s0obi","count":1},{"name":"tirtha_mandal","count":1},{"name":"arjunchandarana","count":1},{"name":"0xteles","count":1},{"name":"whynotke","count":1},{"name":"davidfegyver","count":1},{"name":"osamahamad","count":1},{"name":"sickwell","count":1},{"name":"_darrenmartyn","count":1},{"name":"maximus decimus","count":1},{"name":"yuansec","count":1},{"name":"elitebaz","count":1},{"name":"c3l3si4n","count":1},{"name":"0xrod","count":1},{"name":"affix","count":1},{"name":"xshuden","count":1},{"name":"couskito","count":1},{"name":"pudsec","count":1},{"name":"shelld3v","count":1},{"name":"dale clarke","count":1},{"name":"ok_bye_now","count":1},{"name":"florianmaak","count":1},{"name":"lark lab","count":1},{"name":"pratik khalane","count":1},{"name":"miryangjung","count":1},{"name":"aayush vishnoi","count":1},{"name":"5up3r541y4n","count":1},{"name":"dievus","count":1},{"name":"qlkwej","count":1},{"name":"momen eldawakhly","count":1},{"name":"pdp","count":1},{"name":"thelicato","count":1},{"name":"gboddin","count":1},{"name":"jas37","count":1},{"name":"husain","count":1},{"name":"jiheon-dev","count":1},{"name":"pascalheidmann","count":1},{"name":"absshax","count":1},{"name":"j33n1k4","count":1},{"name":"narluin","count":1},{"name":"apt-mirror","count":1},{"name":"push4d","count":1},{"name":"act1on3","count":1},{"name":"ohlinge","count":1},{"name":"becivells","count":1},{"name":"sak1","count":1},{"name":"zhenwarx","count":1},{"name":"secthebit","count":1},{"name":"luqman","count":1},{"name":"schniggie","count":1},{"name":"hakimkt","count":1},{"name":"elder tao","count":1},{"name":"andysvints","count":1},{"name":"shockwave","count":1},{"name":"amanrawat","count":1},{"name":"fq_hsu","count":1},{"name":"pjborah","count":1},{"name":"borna nematzadeh","count":1},{"name":"nytr0gen","count":1},{"name":"undefl0w","count":1},{"name":"justmumu","count":1},{"name":"makyotox","count":1},{"name":"shivampand3y","count":1},{"name":"noobexploiter","count":1},{"name":"nerrorsec","count":1},{"name":"mrcl0wnlab","count":1},{"name":"jbertman","count":1},{"name":"ptonewreckin","count":1},{"name":"xstp","count":1},{"name":"mah3sec_","count":1},{"name":"kareemse1im","count":1},{"name":"liquidsec","count":1},{"name":"fmunozs","count":1},{"name":"y0no","count":1},{"name":"mass0ma","count":1},{"name":"rubina119","count":1},{"name":"furkansenan","count":1},{"name":"rotembar","count":1},{"name":"juicypotato1","count":1},{"name":"oscarintherocks","count":1},{"name":"sshell","count":1},{"name":"bywalks","count":1},{"name":"kaizensecurity","count":1},{"name":"w0tx","count":1},{"name":"tirtha","count":1},{"name":"unkl4b","count":1},{"name":"clment cruchet","count":1},{"name":"nagli","count":1},{"name":"dhiyaneshdki","count":1},{"name":"nobody","count":1},{"name":"hakluke","count":1},{"name":"chron0x","count":1},{"name":"alevsk","count":1},{"name":"sinkettu","count":1},{"name":"shifacyclewla","count":1},{"name":"marcos_iaf","count":1},{"name":"kishore krishna (sillydaddy)","count":1},{"name":"breno_css","count":1}],"directory":[{"name":"cves","count":1504},{"name":"exposed-panels","count":751},{"name":"vulnerabilities","count":517},{"name":"misconfiguration","count":338},{"name":"technologies","count":306},{"name":"exposures","count":300},{"name":"token-spray","count":235},{"name":"workflows","count":190},{"name":"default-logins","count":113},{"name":"file","count":77},{"name":"takeovers","count":68},{"name":"network","count":56},{"name":"iot","count":40},{"name":"cnvd","count":25},{"name":"miscellaneous","count":25},{"name":"dns","count":17},{"name":"fuzzing","count":12},{"name":"ssl","count":8},{"name":"headless","count":7}],"severity":[{"name":"info","count":1618},{"name":"high","count":1135},{"name":"medium","count":822},{"name":"critical","count":540},{"name":"low","count":260},{"name":"unknown","count":23}],"types":[{"name":"http","count":4218},{"name":"file","count":77},{"name":"network","count":70},{"name":"dns","count":17}]}
